{
  "project_info": {
    "project_number": "976096122241",
    "project_id": "quizme-a2e12",
    "storage_bucket": "quizme-a2e12.appspot.com"
  },
  "client": [
    {
      "client_info": {
        "mobilesdk_app_id": "1:976096122241:android:54b580fa361818c6110480",
        "android_client_info": {
          "package_name": "com.debashish.quizme"
        }
      },
      "oauth_client": [
        {
          "client_id": "976096122241-gtuqp2p8iacauqcek5q5fbbcfju8o470.apps.googleusercontent.com",
          "client_type": 1,
          "android_info": {
            "package_name": "com.debashish.quizme",
            "certificate_hash": "76ebd905b6426635824e446b3f0403ea40f52ae5"
          }
        },
        {
          "client_id": "976096122241-beevoonn8qhrjm7d1b413jag0hk9ilbq.apps.googleusercontent.com",
          "client_type": 3
        }
      ],
      "api_key": [
        {
          "current_key": "AIzaSyDSEiHG3xKylx_9ns0ixasNnRHTRP56i6g"
        }
      ],
      "services": {
        "appinvite_service": {
          "other_platform_oauth_client": [
            {
              "client_id": "976096122241-beevoonn8qhrjm7d1b413jag0hk9ilbq.apps.googleusercontent.com",
              "client_type": 3
            }
          ]
        }
      }
    }
  ],
  "configuration_version": "1"
}